{"59": [2.2142018909284145e-05, 0.9999557159621815, 2.2142018909284145e-05], "6A": [7.465806605745685e-06, 0.9999850683867886, 7.465806605745685e-06], "58": [7.4304417769158476e-06, 0.9999851391164463, 7.4304417769158476e-06], "27": [7.5616653811835525e-06, 0.9999848766692377, 7.5616653811835525e-06], "57": [3.7511769317623403e-06, 0.9999643638191482, 3.188500391997989e-05], "pair": [7.67829775210155e-07, 0.999989250383147, 9.981787077732015e-06], "5J": [3.7291030388460663e-06, 0.9999645735211309, 3.169737583019156e-05], "36": [1.4845991396747985e-05, 0.9999703080172064, 1.4845991396747985e-05], "5K": [0.9997974712843213, 0.00014466336834186846, 5.7865347336747386e-05], "2Q": [3.7578162578162575e-06, 0.9999924843674843, 3.7578162578162575e-06], "JK": [7.49695436229032e-06, 0.9999175335020148, 7.49695436229032e-05], "68": [3.6877235682413246e-06, 0.9999649666261017, 3.134565033005126e-05], "6T": [3.7050210445195325e-06, 0.9999592447685103, 3.705021044519533e-05], "AQ": [3.7635440541649258e-06, 0.9999698916475667, 2.634480837915448e-05], "QT": [1.1216924095074649e-05, 0.9999775661518099, 1.1216924095074649e-05], "7T": [1.4867014554807248e-05, 0.9999479654490582, 3.716753638701812e-05], "6Q": [7.516988393769921e-06, 0.9999849660232125, 7.516988393769921e-06], "35": [3.735413211409446e-06, 0.9999757198141258, 2.054477266275195e-05], "4A": [5.425832201972571e-05, 0.9999308431000495, 1.489857793073651e-05], "8Q": [3.699059329212581e-06, 0.9999537617583848, 4.253918228594468e-05], "AJ": [7.454703358716599e-06, 0.9999850905932827, 7.454703358716599e-06], "39": [3.7375492889312474e-06, 0.9999700996056885, 2.6162845022518733e-05], "25": [3.787663579720849e-06, 0.9999696986913622, 2.651364505804594e-05], "34": [7.426551406588837e-06, 0.9999851468971869, 7.426551406588837e-06], "38": [3.7087723592613607e-06, 0.9999703298211259, 2.5961406514829524e-05], "9A": [7.44853989996611e-06, 0.9999851029202002, 7.44853989996611e-06], "5A": [3.7805325258115857e-06, 0.9999697557397934, 2.6463727680681097e-05], "3Q": [1.493797007924593e-05, 0.9999477171047226, 3.7344925198114824e-05], "JT": [2.0686646205692965e-05, 0.9999642685201902, 1.5044833604140338e-05], "JQ": [1.494433236195173e-05, 0.999970111335276, 1.494433236195173e-05], "28": [3.711828483829419e-06, 0.9999368989157749, 5.938925574127071e-05], "5T": [0.9998845998499798, 5.770007501009751e-05, 5.770007501009751e-05], "56": [3.686377728380316e-06, 0.9999926272445432, 3.686377728380316e-06], "49": [0.9998004248100472, 5.702148284366134e-05, 0.00014255370710915336], "3T": [3.7354550718141234e-06, 0.9999645131768177, 3.175136811042005e-05], "9K": [7.412348973389668e-06, 0.9999629382551332, 2.9649395893558672e-05], "8A": [3.7246861020787473e-06, 0.9999702025111833, 2.607280271455123e-05], "8K": [7.438981752177763e-06, 0.9999851220364957, 7.438981752177763e-06], "4K": [1.5052476696884512e-05, 0.9999473163315609, 3.763119174221128e-05], "3A": [7.570337902032258e-06, 0.999984859324196, 7.570337902032258e-06], "9Q": [3.7151380731064866e-06, 0.9999647061883055, 3.157867362140514e-05], "78": [7.456621106711705e-06, 0.9999850867577866, 7.456621106711705e-06], "2K": [2.2557069385545426e-05, 0.9999548858612289, 2.2557069385545426e-05], "69": [0.9999420214230842, 2.8989288457914804e-05, 2.8989288457914804e-05], "2J": [7.509706295386788e-06, 0.9999849805874093, 7.509706295386788e-06], "24": [3.728393957019074e-06, 0.9999925432120859, 3.728393957019074e-06], "5Q": [3.711291232445592e-06, 0.9999703096701403, 2.5979038627119146e-05], "7J": [1.4866019994796893e-05, 0.9999479689300181, 3.716504998699223e-05], "29": [3.7243531729626854e-06, 0.9999702051746162, 2.6070472210738796e-05], "45": [3.722730995458268e-06, 0.9999702181520362, 2.6059116968207874e-05], "AT": [2.047547782319611e-05, 0.999964633265578, 1.489125659868808e-05], "26": [3.7481399855321796e-06, 0.9999700148801157, 2.6236979898725253e-05], "7Q": [3.7237290912611523e-06, 0.9999869669481806, 9.30932272815288e-06], "AK": [7.467060927483638e-06, 0.9999850658781451, 7.467060927483638e-06], "23": [3.8118762817433994e-06, 0.999969504989746, 2.6683133972203796e-05], "KQ": [2.0696688153592005e-05, 0.9999642511750074, 1.5052136838976002e-05], "2A": [3.7369626714798744e-06, 0.9999925260746569, 3.7369626714798744e-06], "2T": [7.495268611688872e-06, 0.9999850094627767, 7.495268611688872e-06], "4T": [7.515971439308532e-06, 0.9999624201428036, 3.0063885757234127e-05], "9T": [1.486867245058025e-05, 0.9999479596464229, 3.7171681126450625e-05], "6K": [3.7314407465866645e-06, 0.9999757456351471, 2.0522924106226655e-05], "46": [1.4946510176705116e-05, 0.9999701069796465, 1.4946510176705116e-05], "8T": [0.9998568770573923, 7.156147130385e-05, 7.156147130385e-05], "79": [3.6995930447650756e-06, 0.9999704032556418, 2.589715131335553e-05], "37": [3.722897307600667e-06, 0.9999702168215392, 2.6060281153204665e-05], "7A": [0.00012108542861031744, 0.9998640718853087, 1.484268608090006e-05], "4J": [3.7432574575046694e-06, 0.9999700539403399, 2.6202802202532684e-05], "8J": [0.9997355971930426, 0.00020723463248009812, 5.7168174477268495e-05], "67": [0.9998579444562825, 7.102777185879679e-05, 7.102777185879679e-05], "4Q": [1.4856412770572417e-05, 0.999925717936147, 5.9425651082289666e-05], "48": [2.057682450961686e-05, 0.9999644582122106, 1.4964963279721352e-05], "KT": [3.7462022874311166e-06, 0.9999587917748382, 3.746202287431117e-05], "47": [3.742164842361306e-06, 0.9999700626812611, 2.619515389652914e-05], "6J": [3.702963111081487e-06, 0.9999481585164448, 4.8138520444059335e-05], "7K": [3.923414940364093e-05, 0.9999495560936239, 1.1209756972468837e-05], "3J": [1.4834759324573407e-05, 0.999948078342364, 3.708689831143352e-05], "9J": [3.693239525049397e-06, 0.9999926135209498, 3.693239525049397e-06], "89": [7.4709101436282485e-06, 0.9999850581797128, 7.4709101436282485e-06], "3K": [3.7842665334604843e-06, 0.9999697258677323, 2.6489865734223388e-05]}